timestamp,rss,vsz,pmem
2025-04-26 11:15:28,44612,1242572,0.5
2025-04-26 11:15:29,44612,1242572,0.5
2025-04-26 11:15:29,44612,1242572,0.5
2025-04-26 11:15:30,44612,1242572,0.5
2025-04-26 11:15:30,44612,1242572,0.5
2025-04-26 11:15:31,44612,1242572,0.5
2025-04-26 11:15:31,44612,1242572,0.5
2025-04-26 11:15:32,44612,1242572,0.5
2025-04-26 11:15:33,44612,1242572,0.5
2025-04-26 11:15:33,44612,1242572,0.5
2025-04-26 11:15:34,44612,1242572,0.5
2025-04-26 11:15:34,44612,1242572,0.5
2025-04-26 11:15:35,44612,1242572,0.5
2025-04-26 11:15:35,44612,1242572,0.5
2025-04-26 11:15:36,44612,1242572,0.5
2025-04-26 11:15:36,44612,1242572,0.5
2025-04-26 11:15:37,44612,1242572,0.5
2025-04-26 11:15:37,44612,1242572,0.5
2025-04-26 11:15:38,44612,1242572,0.5
2025-04-26 11:15:38,44612,1242572,0.5
2025-04-26 11:15:39,44612,1242572,0.5
2025-04-26 11:15:39,44612,1242572,0.5
2025-04-26 11:15:40,44612,1242572,0.5
2025-04-26 11:15:40,44612,1242572,0.5
2025-04-26 11:15:41,44612,1242572,0.5
2025-04-26 11:15:41,44612,1242572,0.5
2025-04-26 11:15:42,44612,1242572,0.5
2025-04-26 11:15:42,44612,1242572,0.5
2025-04-26 11:15:43,44612,1242572,0.5
2025-04-26 11:15:43,44612,1242572,0.5
2025-04-26 11:15:44,44612,1242572,0.5
2025-04-26 11:15:44,44612,1242572,0.5
2025-04-26 11:15:45,44612,1242572,0.5
2025-04-26 11:15:45,44612,1242572,0.5
2025-04-26 11:15:46,44612,1242572,0.5
2025-04-26 11:15:46,44612,1242572,0.5
2025-04-26 11:15:47,44612,1242572,0.5
2025-04-26 11:15:48,44612,1242572,0.5
2025-04-26 11:15:48,44612,1242572,0.5
2025-04-26 11:15:49,44740,1242572,0.5
2025-04-26 11:15:49,44740,1242572,0.5
2025-04-26 11:15:50,44740,1242572,0.5
2025-04-26 11:15:50,44740,1242572,0.5
2025-04-26 11:15:51,44740,1242572,0.5
2025-04-26 11:15:51,44740,1242572,0.5
2025-04-26 11:15:52,44740,1242572,0.5
2025-04-26 11:15:52,44740,1242572,0.5
2025-04-26 11:15:53,44740,1242572,0.5
2025-04-26 11:15:53,44740,1242572,0.5
2025-04-26 11:15:54,44740,1242572,0.5
2025-04-26 11:15:54,44740,1242572,0.5
2025-04-26 11:15:55,44740,1242572,0.5
2025-04-26 11:15:55,44740,1242572,0.5
2025-04-26 11:15:56,44740,1242572,0.5
2025-04-26 11:15:56,44740,1242572,0.5
2025-04-26 11:15:57,44740,1242572,0.5
2025-04-26 11:15:57,44740,1242572,0.5
2025-04-26 11:15:58,44740,1242572,0.5
2025-04-26 11:15:58,44740,1242572,0.5
2025-04-26 11:15:59,44740,1242572,0.5
2025-04-26 11:15:59,44740,1242572,0.5
2025-04-26 11:16:00,44740,1242572,0.5
2025-04-26 11:16:00,44740,1242572,0.5
2025-04-26 11:16:01,44740,1242572,0.5
2025-04-26 11:16:01,44740,1242572,0.5
2025-04-26 11:16:02,44740,1242572,0.5
2025-04-26 11:16:03,44740,1242572,0.5
2025-04-26 11:16:03,44740,1242572,0.5
2025-04-26 11:16:04,44740,1242572,0.5
2025-04-26 11:16:04,44740,1242572,0.5
2025-04-26 11:16:05,44740,1242572,0.5
2025-04-26 11:16:05,44740,1242572,0.5
2025-04-26 11:16:06,44740,1242572,0.5
2025-04-26 11:16:06,44740,1242572,0.5
2025-04-26 11:16:07,44740,1242572,0.5
2025-04-26 11:16:07,44740,1242572,0.5
2025-04-26 11:16:08,44740,1242572,0.5
2025-04-26 11:16:08,44740,1242572,0.5
2025-04-26 11:16:09,44740,1242572,0.5
2025-04-26 11:16:09,44740,1242572,0.5
2025-04-26 11:16:10,44740,1242572,0.5
2025-04-26 11:16:10,44740,1242572,0.5
2025-04-26 11:16:11,44740,1242572,0.5
2025-04-26 11:16:11,44740,1242572,0.5
2025-04-26 11:16:12,44740,1242572,0.5
2025-04-26 11:16:12,44740,1242572,0.5
2025-04-26 11:16:13,44740,1242572,0.5
2025-04-26 11:16:13,44740,1242572,0.5
2025-04-26 11:16:14,44740,1242572,0.5
2025-04-26 11:16:14,44740,1242572,0.5
2025-04-26 11:16:15,44740,1242572,0.5
2025-04-26 11:16:15,44740,1242572,0.5
2025-04-26 11:16:16,44740,1242572,0.5
2025-04-26 11:16:16,44740,1242572,0.5
2025-04-26 11:16:17,44740,1242572,0.5
2025-04-26 11:16:17,44740,1242572,0.5
2025-04-26 11:16:18,44740,1242572,0.5
2025-04-26 11:16:18,44740,1242572,0.5
2025-04-26 11:16:19,44740,1242572,0.5
2025-04-26 11:16:20,44740,1242572,0.5
2025-04-26 11:16:20,44740,1242572,0.5
2025-04-26 11:16:21,44740,1242572,0.5
2025-04-26 11:16:21,44740,1242572,0.5
2025-04-26 11:16:22,44740,1242572,0.5
2025-04-26 11:16:22,44740,1242572,0.5
2025-04-26 11:16:23,44740,1242572,0.5
2025-04-26 11:16:23,44740,1242572,0.5
2025-04-26 11:16:24,44740,1242572,0.5
2025-04-26 11:16:24,44740,1242572,0.5
2025-04-26 11:16:25,44740,1242572,0.5
2025-04-26 11:16:25,44740,1242572,0.5
2025-04-26 11:16:26,44740,1242572,0.5
2025-04-26 11:16:26,44740,1242572,0.5
2025-04-26 11:16:27,44740,1242572,0.5
2025-04-26 11:16:27,44740,1242572,0.5
2025-04-26 11:16:28,44740,1242572,0.5
2025-04-26 11:16:28,44740,1242572,0.5
2025-04-26 11:16:29,44740,1242572,0.5
2025-04-26 11:16:29,44740,1242572,0.5
2025-04-26 11:16:30,44740,1242572,0.5
2025-04-26 11:16:30,44740,1242572,0.5
2025-04-26 11:16:31,44740,1242572,0.5
2025-04-26 11:16:31,44740,1242572,0.5
2025-04-26 11:16:32,44740,1242572,0.5
2025-04-26 11:16:32,44740,1242572,0.5
2025-04-26 11:16:33,44740,1242572,0.5
2025-04-26 11:16:33,44740,1242572,0.5
2025-04-26 11:16:34,44740,1242572,0.5
2025-04-26 11:16:35,44740,1242572,0.5
2025-04-26 11:16:35,44740,1242572,0.5
2025-04-26 11:16:36,44740,1242572,0.5
2025-04-26 11:16:36,44740,1242572,0.5
2025-04-26 11:16:37,44740,1242572,0.5
2025-04-26 11:16:37,44740,1242572,0.5
2025-04-26 11:16:38,44740,1242572,0.5
2025-04-26 11:16:38,44740,1242572,0.5
2025-04-26 11:16:39,44740,1242572,0.5
2025-04-26 11:16:39,44740,1242572,0.5
2025-04-26 11:16:40,44740,1242572,0.5
2025-04-26 11:16:40,44740,1242572,0.5
2025-04-26 11:16:41,44740,1242572,0.5
2025-04-26 11:16:41,44740,1242572,0.5
2025-04-26 11:16:42,44740,1242572,0.5
2025-04-26 11:16:42,44740,1242572,0.5
2025-04-26 11:16:43,44740,1242572,0.5
2025-04-26 11:16:43,44740,1242572,0.5
2025-04-26 11:16:44,44740,1242572,0.5
2025-04-26 11:16:44,44740,1242572,0.5
2025-04-26 11:16:45,44740,1242572,0.5
2025-04-26 11:16:45,44740,1242572,0.5
2025-04-26 11:16:46,44740,1242572,0.5
2025-04-26 11:16:46,44740,1242572,0.5
